Workbook

Sheet Carta Gantt
A1: Sobremesa — Carta Gantt del proyecto (3 semanas / 15 días hábiles)
A2: ID | B2: Fase | C2: Tarea | D2: Responsable(s) | E2: Día inicio | F2: Duración (días) | G2: Día fin | H2: Horas estimadas | I2: 1 | J2: 2 | K2: 3 | L2: 4 | M2: 5 | N2: 6 | O2: 7 | P2: 8 | Q2: 9 | R2: 10 | S2: 11 | T2: 12 | U2: 13 | V2: 14 | W2: 15
A3: 1 | B3: Descubrimiento | C3: Investigación y síntesis (dataset, benchmark, entrevistas) | D3: Equipo completo (D1+D2+D3) | E3: 1 | F3: 2 | G3: =E3+F3-1 -> 2 | H3: =F3*8*3 -> 48
A4: 2 | B4: Descubrimiento | C4: Definición de los 3 pilares y principios de diseño | D4: Equipo completo (D1+D2+D3) | E4: 3 | F4: 1 | G4: =E4+F4-1 -> 3 | H4: =F4*8*3 -> 24
A5: 3 | B5: Descubrimiento | C5: Arquitectura de información y flujos de usuario | D5: D1 (UX) + D3 (Contenido) | E5: 4 | F5: 2 | G5: =E5+F5-1 -> 5 | H5: =F5*8*2 -> 32
A6: 4 | B6: Descubrimiento | C6: Exploración visual preliminar (moodboard y paleta) | D6: D2 (Visual) | E6: 4 | F6: 2 | G6: =E6+F6-1 -> 5 | H6: =F6*8*1 -> 16
A7: 5 | B7: Sistema Visual | C7: Sistema visual definitivo (paleta, tipografía, componentes) | D7: D2 (Visual) + D3 (Contenido) | E7: 6 | F7: 2 | G7: =E7+F7-1 -> 7 | H7: =F7*8*2 -> 32
A8: 6 | B8: Prototipado | C8: Wireframes de pantallas clave | D8: D1 (UX) + D3 (Contenido) | E8: 8 | F8: 2 | G8: =E8+F8-1 -> 9 | H8: =F8*8*2 -> 32
A9: 7 | B9: Prototipado | C9: Prototipo interactivo de alta fidelidad v1 | D9: D2 (Visual) + D1 (UX) | E9: 10 | F9: 1 | G9: =E9+F9-1 -> 10 | H9: =F9*8*2 -> 16
A10: 8 | B10: Validación | C10: Testing con usuarios en mesas piloto reales | D10: Equipo completo (D1+D2+D3) | E10: 11 | F10: 2 | G10: =E10+F10-1 -> 12 | H10: =F10*8*3 -> 48
A11: 9 | B11: Validación | C11: Iteración final de interfaz según hallazgos | D11: D2 (Visual) + D1 (UX) | E11: 13 | F11: 1 | G11: =E11+F11-1 -> 13 | H11: =F11*8*2 -> 16
A12: 10 | B12: Cierre | C12: Documentación y especificaciones para desarrollo | D12: D3 (Contenido) | E12: 14 | F12: 1 | G12: =E12+F12-1 -> 14 | H12: =F12*8*1 -> 8
A13: 11 | B13: Cierre | C13: Presentación y entrega final | D13: Equipo completo (D1+D2+D3) | E13: 15 | F13: 1 | G13: =E13+F13-1 -> 15 | H13: =F13*8*3 -> 24
C14: TOTAL | H14: =SUM(H3:H13) -> 296

Sheet Estructura de Costos
A1: Sobremesa — Estructura de costos (equipo de 3 diseñadoras gráficas, 3 semanas)
A3: Supuestos base
A4: Tarifa profesional por hora (CLP) | B4: 25000 | C4: Punto medio del rango de mercado para diseño gráfico profesional en Chile ($20.000–$60.000 CLP/hora). Fuente: Cronoshare Chile, 2026.
A5: Jornada estándar (horas/día) | B5: 8 | C5: Supuesto de jornada completa por diseñadora.
A6: Semanas del proyecto | B6: 3 | C6: Definido por el alcance del proyecto.
A7: Capacidad máxima del equipo (horas-persona) | B7: =3*8*5*B6 -> 360 | C7: 3 diseñadoras × 8 h/día × 5 días × 3 semanas.
A8: Tipo de cambio USD/CLP referencial | B8: 920 | C8: Referencial al 20-08-2026, tipo de cambio medio de mercado.
A10: Costo de horas de diseño por tarea (vinculado a la Carta Gantt)
A11: ID | B11: Tarea | C11: Responsable(s) | D11: Horas estimadas | E11: Tarifa (CLP/h) | F11: Costo (CLP)
A12: 1 | B12: Investigación y síntesis (dataset, benchmark, entrevistas) | C12: Equipo completo (D1+D2+D3) | D12: ='Carta Gantt'!H3 -> 48 | E12: =$B$4 -> 25000 | F12: =D12*E12 -> 1200000
A13: 2 | B13: Definición de los 3 pilares y principios de diseño | C13: Equipo completo (D1+D2+D3) | D13: ='Carta Gantt'!H4 -> 24 | E13: =$B$4 -> 25000 | F13: =D13*E13 -> 600000
A14: 3 | B14: Arquitectura de información y flujos de usuario | C14: D1 (UX) + D3 (Contenido) | D14: ='Carta Gantt'!H5 -> 32 | E14: =$B$4 -> 25000 | F14: =D14*E14 -> 800000
A15: 4 | B15: Exploración visual preliminar (moodboard y paleta) | C15: D2 (Visual) | D15: ='Carta Gantt'!H6 -> 16 | E15: =$B$4 -> 25000 | F15: =D15*E15 -> 400000
A16: 5 | B16: Sistema visual definitivo (paleta, tipografía, componentes) | C16: D2 (Visual) + D3 (Contenido) | D16: ='Carta Gantt'!H7 -> 32 | E16: =$B$4 -> 25000 | F16: =D16*E16 -> 800000
A17: 6 | B17: Wireframes de pantallas clave | C17: D1 (UX) + D3 (Contenido) | D17: ='Carta Gantt'!H8 -> 32 | E17: =$B$4 -> 25000 | F17: =D17*E17 -> 800000
A18: 7 | B18: Prototipo interactivo de alta fidelidad v1 | C18: D2 (Visual) + D1 (UX) | D18: ='Carta Gantt'!H9 -> 16 | E18: =$B$4 -> 25000 | F18: =D18*E18 -> 400000
A19: 8 | B19: Testing con usuarios en mesas piloto reales | C19: Equipo completo (D1+D2+D3) | D19: ='Carta Gantt'!H10 -> 48 | E19: =$B$4 -> 25000 | F19: =D19*E19 -> 1200000
A20: 9 | B20: Iteración final de interfaz según hallazgos | C20: D2 (Visual) + D1 (UX) | D20: ='Carta Gantt'!H11 -> 16 | E20: =$B$4 -> 25000 | F20: =D20*E20 -> 400000
A21: 10 | B21: Documentación y especificaciones para desarrollo | C21: D3 (Contenido) | D21: ='Carta Gantt'!H12 -> 8 | E21: =$B$4 -> 25000 | F21: =D21*E21 -> 200000
A22: 11 | B22: Presentación y entrega final | C22: Equipo completo (D1+D2+D3) | D22: ='Carta Gantt'!H13 -> 24 | E22: =$B$4 -> 25000 | F22: =D22*E22 -> 600000
B23: Subtotal horas de diseño | D23: =SUM(D12:D22) -> 296 | F23: =SUM(F12:F22) -> 7400000
A25: Otros costos del proyecto
A26: Concepto | D26: Base de cálculo | F26: Costo (CLP)
A27: Licencias Figma Professional (3 editoras) | D27: 3 editoras × US$15/mes × 0,75 mes (3 semanas) × tipo de cambio | F27: =3*15*0.75*$B$8 -> 31050
A28: Contingencia (imprevistos, iteraciones extra) | D28: 10% del subtotal de horas de diseño | F28: =0.1*F23 -> 740000
A30: COSTO TOTAL DEL PROYECTO | F30: =F23+F27+F28 -> 8171050
A32: Utilización del equipo
A33: Horas usadas vs. capacidad máxima disponible | D33: =D23 -> 296 | E33: =B7 -> 360 | F33: =D33/E33 -> 0.82222222
